Country,Date,Forecast Active Cases,Forecast Active Cases Lower Bound,Forecast Active Cases Upper Bound,Forecast Confirmed Cases,Forecast Confirmed Cases Lower Bound,Forecast Confirmed Cases Upper Bound,Forecast New Cases,Forecast New Cases Lower Bound,Forecast New Cases Upper Bound,Lang,Lat,Province,uid
West Bank and Gaza,2020-04-04,195,195,195,217,217,217,23,23,23,35.2332,31.9522,,West Bank and Gaza
Poland,2020-04-04,3432,3432,3432,3627,3627,3627,244,244,244,19.1451,51.9194,,Poland
Greece,2020-04-04,1527,1527,1527,1673,1673,1673,60,60,60,21.8243,39.0742,,Greece
Hungary,2020-04-04,588,588,588,678,678,678,55,55,55,19.5033,47.1625,,Hungary
Mexico,2020-04-04,995,995,995,1688,1688,1688,178,178,178,-102.5528,23.6345,,Mexico
Iceland,2020-04-04,1017,1017,1017,1417,1417,1417,53,53,53,-19.0208,64.9631,,Iceland
Moldova,2020-04-04,711,711,711,752,752,752,161,161,161,28.3699,47.4116,,Moldova
Honduras,2020-04-04,246,246,246,264,264,264,42,42,42,-86.2419,15.2,,Honduras
Netherlands,2020-04-04,63,63,63,64,64,64,2,2,2,-70.0358,12.5186,Aruba,Netherlands - Aruba
Portugal,2020-04-04,10183,10183,10183,10524,10524,10524,638,638,638,-8.2245,39.3999,,Portugal
Qatar,2020-04-04,1213,1213,1213,1325,1325,1325,250,250,250,51.1839,25.3548,,Qatar
Kuwait,2020-04-04,385,385,385,479,479,479,62,62,62,47.75,29.5,,Kuwait
Netherlands,2020-04-04,14726,14726,14726,16627,16627,16627,904,904,904,5.2913,52.1326,,Netherlands
Norway,2020-04-04,5456,5456,5456,5550,5550,5550,180,180,180,8.4689,60.472,,Norway
"Korea, South",2020-04-04,3654,3654,3654,10156,10156,10156,94,94,94,128.0,36.0,,"Korea, South"
North Macedonia,2020-04-04,446,446,446,483,483,483,53,53,53,21.7453,41.6086,,North Macedonia
Latvia,2020-04-04,507,507,507,509,509,509,16,16,16,24.6032,56.8796,,Latvia
Oman,2020-04-04,214,214,214,277,277,277,25,25,25,57.0,21.0,,Oman
Kazakhstan,2020-04-04,490,490,490,531,531,531,67,67,67,66.9237,48.0196,,Kazakhstan
Jordan,2020-04-04,244,244,244,323,323,323,13,13,13,36.51,31.24,,Jordan
Lebanon,2020-04-04,449,449,449,520,520,520,12,12,12,35.8623,33.8547,,Lebanon
Nigeria,2020-04-04,185,185,185,214,214,214,4,4,4,8.6753,9.082,,Nigeria
Afghanistan,2020-04-04,282,282,282,299,299,299,18,18,18,65.0,33.0,,Afghanistan
Pakistan,2020-04-04,2646,2646,2646,2818,2818,2818,132,132,132,69.3451,30.3753,,Pakistan
Japan,2020-04-04,2548,2548,2548,3139,3139,3139,522,522,522,138.0,36.0,,Japan
Lithuania,2020-04-04,753,753,753,771,771,771,75,75,75,23.8813,55.1694,,Lithuania
Italy,2020-04-04,88274,88274,88274,124632,124632,124632,4805,4805,4805,12.0,43.0,,Italy
Panama,2020-04-04,1619,1619,1619,1673,1673,1673,198,198,198,-80.7821,8.538,,Panama
Luxembourg,2020-04-04,2198,2198,2198,2729,2729,2729,117,117,117,6.1296,49.8153,,Luxembourg
Israel,2020-04-04,7380,7380,7380,7851,7851,7851,423,423,423,35.0,31.0,,Israel
Ireland,2020-04-04,4442,4442,4442,4604,4604,4604,331,331,331,-7.6921,53.1424,,Ireland
Malaysia,2020-04-04,2511,2511,2511,3483,3483,3483,150,150,150,112.5,2.5,,Malaysia
New Zealand,2020-04-04,822,822,822,950,950,950,82,82,82,174.886,-40.9006,,New Zealand
Iraq,2020-04-04,563,563,563,878,878,878,58,58,58,44.0,33.0,,Iraq
Iran,2020-04-04,32555,32555,32555,55743,55743,55743,2560,2560,2560,53.0,32.0,,Iran
Malta,2020-04-04,211,211,211,213,213,213,11,11,11,14.3754,35.9375,,Malta
Philippines,2020-04-04,2893,2893,2893,3094,3094,3094,76,76,76,122.0,13.0,,Philippines
Mauritius,2020-04-04,182,182,182,196,196,196,10,10,10,57.5,-20.2,,Mauritius
Indonesia,2020-04-04,1751,1751,1751,2092,2092,2092,106,106,106,113.9213,-0.7893,,Indonesia
India,2020-04-04,2767,2767,2767,3082,3082,3082,515,515,515,78.0,21.0,,India
Peru,2020-04-04,759,759,759,1746,1746,1746,151,151,151,-75.0152,-9.19,,Peru
Australia,2020-04-04,73,73,73,93,93,93,2,2,2,149.0124,-35.4735,Australian Capital Territory,Australia - Australian Capital Territory
Ghana,2020-04-04,169,169,169,205,205,205,0,0,0,-1.0232,7.9465,,Ghana
Brunei,2020-04-04,68,68,68,135,135,135,1,1,1,114.7277,4.5353,,Brunei
Ukraine,2020-04-04,1168,1168,1168,1225,1225,1225,153,153,153,31.1656,48.3794,,Ukraine
Bulgaria,2020-04-04,452,452,452,503,503,503,18,18,18,25.4858,42.7339,,Bulgaria
Burkina Faso,2020-04-04,236,236,236,318,318,318,16,16,16,-1.5616,12.2383,,Burkina Faso
Turkey,2020-04-04,22647,22647,22647,23934,23934,23934,3013,3013,3013,35.2433,38.9637,,Turkey
Cambodia,2020-04-04,64,64,64,114,114,114,0,0,0,104.9167,11.55,,Cambodia
Argentina,2020-04-04,1129,1129,1129,1451,1451,1451,186,186,186,-63.6167,-38.4161,,Argentina
Cameroon,2020-04-04,529,529,529,555,555,555,46,46,46,11.5021,3.8480000000000003,,Cameroon
Tunisia,2020-04-04,530,530,530,553,553,553,58,58,58,9.0,34.0,,Tunisia
Canada,2020-04-04,1040,1040,1040,1075,1075,1075,106,106,106,-116.5765,53.9333,Alberta,Canada - Alberta
Canada,2020-04-04,1148,1148,1148,1203,1203,1203,29,29,29,-123.1207,49.2827,British Columbia,Canada - British Columbia
Canada,2020-04-04,163,163,163,182,182,182,0,0,0,-98.8139,53.7609,Manitoba,Canada - Manitoba
Canada,2020-04-04,74,74,74,91,91,91,0,0,0,-66.4619,46.5653,New Brunswick,Canada - New Brunswick
Thailand,2020-04-04,1373,1373,1373,2067,2067,2067,89,89,89,101.0,15.0,,Thailand
Canada,2020-04-04,177,177,177,195,195,195,0,0,0,-57.6604,53.1355,Newfoundland and Labrador,Canada - Newfoundland and Labrador
Canada,2020-04-04,219,219,219,236,236,236,29,29,29,-63.7443,44.681999999999995,Nova Scotia,Canada - Nova Scotia
Taiwan*,2020-04-04,300,300,300,355,355,355,7,7,7,121.0,23.7,,Taiwan*
Canada,2020-04-04,3519,3519,3519,3630,3630,3630,375,375,375,-85.3232,51.2538,Ontario,Canada - Ontario
Brazil,2020-04-04,9788,9788,9788,10360,10360,10360,1304,1304,1304,-51.9253,-14.235,,Brazil
Venezuela,2020-04-04,96,96,96,155,155,155,2,2,2,-66.5897,6.4238,,Venezuela
Bosnia and Herzegovina,2020-04-04,573,573,573,624,624,624,45,45,45,17.6791,43.9159,,Bosnia and Herzegovina
Uzbekistan,2020-04-04,239,239,239,266,266,266,39,39,39,64.5853,41.3775,,Uzbekistan
Romania,2020-04-04,3138,3138,3138,3613,3613,3613,430,430,430,24.9668,45.9432,,Romania
Australia,2020-04-04,2477,2477,2477,2493,2493,2493,104,104,104,151.2093,-33.8688,New South Wales,Australia - New South Wales
Australia,2020-04-04,888,888,888,900,900,900,27,27,27,153.4,-28.0167,Queensland,Australia - Queensland
US,2020-04-04,285791,285791,285791,308850,308850,308850,33264,33264,33264,-95.7129,37.0902,,US
Armenia,2020-04-04,720,720,720,770,770,770,34,34,34,45.0382,40.0691,,Armenia
Australia,2020-04-04,361,361,361,407,407,407,11,11,11,138.6007,-34.9285,South Australia,Australia - South Australia
Australia,2020-04-04,73,73,73,80,80,80,6,6,6,145.9707,-41.4545,Tasmania,Australia - Tasmania
Uruguay,2020-04-04,302,302,302,400,400,400,31,31,31,-55.7658,-32.5228,,Uruguay
Switzerland,2020-04-04,13424,13424,13424,20505,20505,20505,899,899,899,8.2275,46.8182,,Switzerland
Australia,2020-04-04,580,580,580,1115,1115,1115,30,30,30,144.9631,-37.8136,Victoria,Australia - Victoria
United Kingdom,2020-04-04,37455,37455,37455,41903,41903,41903,3735,3735,3735,-3.4360000000000004,55.3781,,United Kingdom
Austria,2020-04-04,9088,9088,9088,11781,11781,11781,257,257,257,14.5501,47.5162,,Austria
Azerbaijan,2020-04-04,484,484,484,521,521,521,78,78,78,47.5769,40.1431,,Azerbaijan
United Kingdom,2020-04-04,125,125,125,126,126,126,12,12,12,-4.5481,54.2361,Isle of Man,United Kingdom - Isle of Man
Bahrain,2020-04-04,261,261,261,688,688,688,16,16,16,50.55,26.0275,,Bahrain
United Kingdom,2020-04-04,46,46,46,98,98,98,3,3,3,-5.3536,36.1408,Gibraltar,United Kingdom - Gibraltar
Belgium,2020-04-04,13901,13901,13901,18431,18431,18431,1661,1661,1661,4.0,50.8333,,Belgium
United Kingdom,2020-04-04,244,244,244,262,262,262,30,30,30,-2.3644,49.3723,Channel Islands,United Kingdom - Channel Islands
Australia,2020-04-04,342,342,342,436,436,436,36,36,36,115.8605,-31.9505,Western Australia,Australia - Western Australia
Andorra,2020-04-04,428,428,428,466,466,466,27,27,27,1.5218,42.5063,,Andorra
United Arab Emirates,2020-04-04,1370,1370,1370,1505,1505,1505,241,241,241,54.0,24.0,,United Arab Emirates
Canada,2020-04-04,200,200,200,220,220,220,0,0,0,-106.4509,52.9399,Saskatchewan,Canada - Saskatchewan
Ecuador,2020-04-04,3193,3193,3193,3465,3465,3465,97,97,97,-78.1834,-1.8312,,Ecuador
Egypt,2020-04-04,758,758,758,1070,1070,1070,85,85,85,30.0,26.0,,Egypt
Serbia,2020-04-04,1580,1580,1580,1624,1624,1624,148,148,148,21.0059,44.0165,,Serbia
Algeria,2020-04-04,1031,1031,1031,1251,1251,1251,80,80,80,1.6596,28.0339,,Algeria
Estonia,2020-04-04,967,967,967,1039,1039,1039,78,78,78,25.0136,58.5953,,Estonia
Senegal,2020-04-04,145,145,145,219,219,219,12,12,12,-14.4524,14.4974,,Senegal
Finland,2020-04-04,1557,1557,1557,1882,1882,1882,267,267,267,26.0,64.0,,Finland
France,2020-04-04,39,39,39,61,61,61,4,4,4,-53.1258,3.9339,French Guiana,France - French Guiana
France,2020-04-04,103,103,103,134,134,134,4,4,4,-61.5833,16.25,Guadeloupe,France - Guadeloupe
France,2020-04-04,118,118,118,134,134,134,6,6,6,45.1662,-12.8275,Mayotte,France - Mayotte
San Marino,2020-04-04,200,200,200,259,259,259,14,14,14,12.4578,43.9424,,San Marino
France,2020-04-04,294,294,294,334,334,334,13,13,13,55.2471,-21.1351,Reunion,France - Reunion
France,2020-04-04,115,115,115,145,145,145,2,2,2,-61.0242,14.6415,Martinique,France - Martinique
France,2020-04-04,66955,66955,66955,89953,89953,89953,25615,25615,25615,2.2137,46.2276,,France
Albania,2020-04-04,214,214,214,333,333,333,29,29,29,20.1683,41.1533,,Albania
Canada,2020-04-04,6023,6023,6023,6101,6101,6101,0,0,0,-73.5491,52.9399,Quebec,Canada - Quebec
Russia,2020-04-04,4355,4355,4355,4731,4731,4731,582,582,582,90.0,60.0,,Russia
Singapore,2020-04-04,886,886,886,1189,1189,1189,75,75,75,103.8333,1.2833,,Singapore
Dominican Republic,2020-04-04,1404,1404,1404,1488,1488,1488,0,0,0,-70.1627,18.7357,,Dominican Republic
Saudi Arabia,2020-04-04,1730,1730,1730,2179,2179,2179,140,140,140,45.0,24.0,,Saudi Arabia
Denmark,2020-04-04,2633,2633,2633,4077,4077,4077,320,320,320,9.5018,56.2639,,Denmark
Morocco,2020-04-04,794,794,794,919,919,919,128,128,128,-7.0926,31.7917,,Morocco
Germany,2020-04-04,68248,68248,68248,96092,96092,96092,4933,4933,4933,9.0,51.0,,Germany
Chile,2020-04-04,3606,3606,3606,4161,4161,4161,424,424,424,-71.543,-35.6751,,Chile
Colombia,2020-04-04,1289,1289,1289,1406,1406,1406,139,139,139,-74.2973,4.5709,,Colombia
Sri Lanka,2020-04-04,134,134,134,166,166,166,7,7,7,81.0,7.0,,Sri Lanka
Costa Rica,2020-04-04,420,420,420,435,435,435,19,19,19,-83.7534,9.7489,,Costa Rica
Spain,2020-04-04,80002,80002,80002,126168,126168,126168,6969,6969,6969,-4.0,40.0,,Spain
Croatia,2020-04-04,995,995,995,1126,1126,1126,47,47,47,15.2,45.1,,Croatia
Cote d'Ivoire,2020-04-04,219,219,219,245,245,245,27,27,27,-5.5471,7.54,,Cote d'Ivoire
South Africa,2020-04-04,1481,1481,1481,1585,1585,1585,80,80,80,22.9375,-30.5595,,South Africa
Cuba,2020-04-04,267,267,267,288,288,288,19,19,19,-80.0,22.0,,Cuba
Cyprus,2020-04-04,382,382,382,426,426,426,30,30,30,33.4299,35.1264,,Cyprus
Vietnam,2020-04-04,150,150,150,240,240,240,3,3,3,108.0,16.0,,Vietnam
Slovenia,2020-04-04,876,876,876,977,977,977,43,43,43,14.9955,46.1512,,Slovenia
Czechia,2020-04-04,4335,4335,4335,4472,4472,4472,381,381,381,15.472999999999999,49.8175,,Czechia
Denmark,2020-04-04,88,88,88,181,181,181,2,2,2,-6.9118,61.8926,Faroe Islands,Denmark - Faroe Islands
Slovakia,2020-04-04,460,460,460,471,471,471,21,21,21,19.699,48.669,,Slovakia
Sweden,2020-04-04,5865,5865,5865,6443,6443,6443,312,312,312,16.0,63.0,,Sweden
Chile,2020-04-05,3957,3646,4304,4657,4345,4898,422,239,625,-71.543,-35.6751,,Chile
Colombia,2020-04-05,1437,1302,1563,1552,1451,1653,141,56,227,-74.2973,4.5709,,Colombia
Poland,2020-04-05,3840,3517,4106,4082,3849,4291,417,195,636,19.1451,51.9194,,Poland
Philippines,2020-04-05,3299,3021,3575,3526,3313,3807,423,148,636,122.0,13.0,,Philippines
Qatar,2020-04-05,1383,1279,1491,1465,1384,1543,55,20,447,51.1839,25.3548,,Qatar
Canada,2020-04-05,215,200,231,236,222,248,11,0,28,-106.4509,52.9399,Saskatchewan,Canada - Saskatchewan
Canada,2020-04-05,6813,6255,7330,6959,6527,7444,574,129,913,-73.5491,52.9399,Quebec,Canada - Quebec
Portugal,2020-04-05,11461,10506,12214,11760,10971,12499,953,543,1305,-8.2245,39.3999,,Portugal
Peru,2020-04-05,749,703,793,1956,1812,2081,185,70,319,-75.0152,-9.19,,Peru
Norway,2020-04-05,5709,5426,6052,5930,5738,6130,234,82,402,8.4689,60.472,,Norway
Panama,2020-04-05,1801,1667,1979,1859,1742,1968,198,100,303,-80.7821,8.538,,Panama
Cote d'Ivoire,2020-04-05,235,211,256,271,250,285,20,0,46,-5.5471,7.54,,Cote d'Ivoire
Pakistan,2020-04-05,2880,2697,3111,3106,2927,3304,280,123,431,69.3451,30.3753,,Pakistan
Croatia,2020-04-05,1068,995,1138,1221,1161,1284,66,14,117,15.2,45.1,,Croatia
Oman,2020-04-05,231,209,249,303,280,327,25,11,40,57.0,21.0,,Oman
Cuba,2020-04-05,293,266,327,322,299,347,30,10,50,-80.0,22.0,,Cuba
Cyprus,2020-04-05,426,398,458,475,443,510,50,4,93,33.4299,35.1264,,Cyprus
North Macedonia,2020-04-05,493,450,533,534,492,566,52,13,95,21.7453,41.6086,,North Macedonia
Romania,2020-04-05,3489,3241,3796,4083,3819,4340,420,129,642,24.9668,45.9432,,Romania
Costa Rica,2020-04-05,444,407,473,465,443,485,22,7,38,-83.7534,9.7489,,Costa Rica
Canada,2020-04-05,4100,3666,4448,4233,3898,4551,513,195,866,-85.3232,51.2538,Ontario,Canada - Ontario
Bulgaria,2020-04-05,476,437,515,541,515,564,36,11,63,25.4858,42.7339,,Bulgaria
Canada,2020-04-05,249,220,286,259,237,280,26,4,52,-63.7443,44.681999999999995,Nova Scotia,Canada - Nova Scotia
Brunei,2020-04-05,68,64,72,138,135,143,1,0,2,114.7277,4.5353,,Brunei
Czechia,2020-04-05,4723,4407,4983,4859,4656,5088,381,226,469,15.472999999999999,49.8175,,Czechia
Sri Lanka,2020-04-05,139,128,151,174,166,182,11,0,25,81.0,7.0,,Sri Lanka
Spain,2020-04-05,84819,80246,89923,137767,132398,144218,7669,5240,10862,-4.0,40.0,,Spain
South Africa,2020-04-05,1542,1422,1631,1680,1621,1744,47,15,81,22.9375,-30.5595,,South Africa
Burkina Faso,2020-04-05,246,230,262,336,319,352,14,0,29,-1.5616,12.2383,,Burkina Faso
Slovenia,2020-04-05,913,859,962,1041,1008,1082,44,9,85,14.9955,46.1512,,Slovenia
Cambodia,2020-04-05,62,56,67,116,112,120,1,0,2,104.9167,11.55,,Cambodia
Slovakia,2020-04-05,491,454,520,501,486,524,25,0,53,19.699,48.669,,Slovakia
Cameroon,2020-04-05,666,549,767,675,568,754,139,19,277,11.5021,3.8480000000000003,,Cameroon
Singapore,2020-04-05,914,849,984,1279,1230,1332,73,46,101,103.8333,1.2833,,Singapore
Canada,2020-04-05,1148,1062,1234,1184,1114,1253,92,7,180,-116.5765,53.9333,Alberta,Canada - Alberta
Serbia,2020-04-05,1802,1619,1979,1822,1683,1971,248,105,377,21.0059,44.0165,,Serbia
Canada,2020-04-05,1213,1131,1289,1288,1232,1330,35,0,79,-123.1207,49.2827,British Columbia,Canada - British Columbia
Senegal,2020-04-05,149,137,161,236,223,249,12,1,24,-14.4524,14.4974,,Senegal
Canada,2020-04-05,185,166,214,205,182,223,30,0,57,-98.8139,53.7609,Manitoba,Canada - Manitoba
Saudi Arabia,2020-04-05,1817,1720,1941,2377,2256,2498,182,79,267,45.0,24.0,,Saudi Arabia
Canada,2020-04-05,80,70,88,101,92,105,2,0,14,-66.4619,46.5653,New Brunswick,Canada - New Brunswick
San Marino,2020-04-05,205,188,221,268,260,277,5,0,25,12.4578,43.9424,,San Marino
Canada,2020-04-05,191,174,206,210,196,221,8,0,26,-57.6604,53.1355,Newfoundland and Labrador,Canada - Newfoundland and Labrador
Russia,2020-04-05,5138,4656,5624,5540,4996,6070,825,259,1306,90.0,60.0,,Russia
Nigeria,2020-04-05,203,185,218,238,220,256,14,0,31,8.6753,9.082,,Nigeria
Indonesia,2020-04-05,1877,1765,1999,2288,2192,2410,152,79,235,113.9213,-0.7893,,Indonesia
Germany,2020-04-05,72071,68178,75921,105333,99850,109640,6277,4067,8840,9.0,51.0,,Germany
Latvia,2020-04-05,533,485,584,543,518,570,22,0,49,24.6032,56.8796,,Latvia
Ghana,2020-04-05,177,163,189,220,209,231,4,0,15,-1.0232,7.9465,,Ghana
Greece,2020-04-05,1627,1538,1762,1796,1718,1873,98,9,179,21.8243,39.0742,,Greece
Kuwait,2020-04-05,437,385,491,533,490,577,73,5,140,47.75,29.5,,Kuwait
"Korea, South",2020-04-05,3467,3166,3760,10633,10099,11376,93,21,198,128.0,36.0,,"Korea, South"
Honduras,2020-04-05,278,237,307,299,273,330,30,1,58,-86.2419,15.2,,Honduras
Hungary,2020-04-05,642,585,697,742,683,790,62,22,93,19.5033,47.1625,,Hungary
Kazakhstan,2020-04-05,546,500,597,593,554,637,57,25,87,66.9237,48.0196,,Kazakhstan
Iceland,2020-04-05,1051,981,1109,1524,1457,1587,68,6,137,-19.0208,64.9631,,Iceland
Jordan,2020-04-05,250,233,267,339,324,351,11,3,21,36.51,31.24,,Jordan
India,2020-04-05,3268,2972,3581,3592,3238,3952,435,131,728,78.0,21.0,,India
Japan,2020-04-05,2841,2636,3084,3465,3253,3727,376,148,586,138.0,36.0,,Japan
Italy,2020-04-05,90803,85519,95342,132487,127634,136803,4978,2634,6928,12.0,43.0,,Italy
Iran,2020-04-05,34121,32912,36721,60671,58211,63328,3038,1047,5027,53.0,32.0,,Iran
Israel,2020-04-05,8226,7794,8699,8956,8397,9646,723,290,1070,35.0,31.0,,Israel
Iraq,2020-04-05,602,553,649,955,912,1005,53,6,93,44.0,33.0,,Iraq
Brazil,2020-04-05,11247,10431,12104,11857,11005,12816,1431,475,2361,-51.9253,-14.235,,Brazil
Lebanon,2020-04-05,464,435,490,546,528,564,14,0,31,35.8623,33.8547,,Lebanon
Lithuania,2020-04-05,838,761,899,845,798,895,70,34,118,23.8813,55.1694,,Lithuania
France,2020-04-05,72595,67662,76791,96201,89723,102588,11049,5299,17436,2.2137,46.2276,,France
Denmark,2020-04-05,2725,2595,2869,4469,4257,4738,374,171,647,9.5018,56.2639,,Denmark
New Zealand,2020-04-05,905,835,987,1073,1005,1130,84,46,136,174.886,-40.9006,,New Zealand
Dominican Republic,2020-04-05,1537,1424,1639,1671,1568,1766,111,40,188,-70.1627,18.7357,,Dominican Republic
Netherlands,2020-04-05,15894,14971,16866,18074,17371,18793,1066,688,1468,5.2913,52.1326,,Netherlands
Ecuador,2020-04-05,3336,3195,3779,3861,3629,4128,294,73,509,-78.1834,-1.8312,,Ecuador
Netherlands,2020-04-05,67,61,73,68,64,71,2,0,9,-70.0358,12.5186,Aruba,Netherlands - Aruba
Egypt,2020-04-05,814,761,873,1175,1115,1240,108,14,202,30.0,26.0,,Egypt
Morocco,2020-04-05,871,795,943,1031,933,1084,93,40,156,-7.0926,31.7917,,Morocco
Estonia,2020-04-05,1040,971,1117,1132,1079,1166,94,47,138,25.0136,58.5953,,Estonia
Denmark,2020-04-05,86,78,93,186,181,192,1,0,7,-6.9118,61.8926,Faroe Islands,Denmark - Faroe Islands
Finland,2020-04-05,1619,1532,1707,2001,1911,2089,140,44,235,26.0,64.0,,Finland
France,2020-04-05,41,35,45,66,61,71,3,0,9,-53.1258,3.9339,French Guiana,France - French Guiana
Mexico,2020-04-05,1034,976,1080,1889,1745,2021,172,91,262,-102.5528,23.6345,,Mexico
France,2020-04-05,105,95,114,140,133,146,3,0,10,-61.5833,16.25,Guadeloupe,France - Guadeloupe
Mauritius,2020-04-05,197,181,215,213,200,226,13,1,28,57.5,-20.2,,Mauritius
France,2020-04-05,131,117,145,151,138,162,14,0,34,45.1662,-12.8275,Mayotte,France - Mayotte
Malta,2020-04-05,222,206,236,225,214,236,12,0,25,14.3754,35.9375,,Malta
France,2020-04-05,316,291,341,370,344,394,19,0,39,55.2471,-21.1351,Reunion,France - Reunion
Malaysia,2020-04-05,2609,2457,2732,3750,3609,3914,192,81,303,112.5,2.5,,Malaysia
France,2020-04-05,120,110,129,156,147,167,7,0,20,-61.0242,14.6415,Martinique,France - Martinique
Luxembourg,2020-04-05,2268,2152,2375,2919,2748,3053,149,77,214,6.1296,49.8153,,Luxembourg
Moldova,2020-04-05,830,744,933,864,788,940,142,27,270,28.3699,47.4116,,Moldova
Sweden,2020-04-05,6432,5931,6820,7147,6855,7485,554,237,922,16.0,63.0,,Sweden
Ireland,2020-04-05,4894,4542,5219,5137,4860,5362,412,170,628,-7.6921,53.1424,,Ireland
United Kingdom,2020-04-05,46,42,51,107,98,115,7,0,14,-5.3536,36.1408,Gibraltar,United Kingdom - Gibraltar
United Kingdom,2020-04-05,43056,40185,45841,47401,44615,50339,4745,2433,7036,-3.4360000000000004,55.3781,,United Kingdom
US,2020-04-05,326671,305828,346055,344328,323130,363746,36608,22694,51763,-95.7129,37.0902,,US
West Bank and Gaza,2020-04-05,222,196,256,243,221,267,30,0,62,35.2332,31.9522,,West Bank and Gaza
Ukraine,2020-04-05,1352,1195,1484,1409,1268,1544,193,77,314,31.1656,48.3794,,Ukraine
Australia,2020-04-05,588,556,615,1214,1149,1272,43,0,114,144.9631,-37.8136,Victoria,Australia - Victoria
Australia,2020-04-05,74,69,80,97,91,102,1,0,8,149.0124,-35.4735,Australian Capital Territory,Australia - Australian Capital Territory
Belgium,2020-04-05,15118,14319,16246,20247,19119,21255,1593,1010,2076,4.0,50.8333,,Belgium
United Kingdom,2020-04-05,147,127,166,143,127,161,24,0,48,-4.5481,54.2361,Isle of Man,United Kingdom - Isle of Man
Austria,2020-04-05,9297,8937,9699,12614,12216,13039,393,127,578,14.5501,47.5162,,Austria
Thailand,2020-04-05,1400,1327,1481,2219,2137,2321,113,48,184,101.0,15.0,,Thailand
Andorra,2020-04-05,444,419,475,499,476,522,19,0,39,1.5218,42.5063,,Andorra
Uruguay,2020-04-05,307,288,323,420,404,439,22,0,40,-55.7658,-32.5228,,Uruguay
Australia,2020-04-05,2644,2494,2773,2699,2591,2816,86,21,149,151.2093,-33.8688,New South Wales,Australia - New South Wales
Turkey,2020-04-05,26280,24539,28429,27455,25485,29417,3341,1336,5358,35.2433,38.9637,,Turkey
Australia,2020-04-05,76,71,84,84,80,88,2,0,7,145.9707,-41.4545,Tasmania,Australia - Tasmania
Taiwan*,2020-04-05,306,284,325,366,353,384,8,2,13,121.0,23.7,,Taiwan*
Australia,2020-04-05,375,346,402,434,414,452,18,3,36,138.6007,-34.9285,South Australia,Australia - South Australia
Albania,2020-04-05,214,205,247,360,340,379,33,8,55,20.1683,41.1533,,Albania
Vietnam,2020-04-05,146,137,156,249,239,261,6,0,16,108.0,16.0,,Vietnam
United Arab Emirates,2020-04-05,1608,1435,1804,1726,1544,1936,276,17,518,54.0,24.0,,United Arab Emirates
Argentina,2020-04-05,1242,1130,1358,1612,1519,1712,160,36,269,-63.6167,-38.4161,,Argentina
United Kingdom,2020-04-05,271,243,305,289,268,316,35,5,68,-2.3644,49.3723,Channel Islands,United Kingdom - Channel Islands
Bahrain,2020-04-05,282,253,290,745,711,779,47,0,92,50.55,26.0275,,Bahrain
Switzerland,2020-04-05,13533,12908,14248,21826,21010,22665,664,544,1268,8.2275,46.8182,,Switzerland
Bosnia and Herzegovina,2020-04-05,629,574,682,692,649,737,69,28,116,17.6791,43.9159,,Bosnia and Herzegovina
Uzbekistan,2020-04-05,263,236,285,292,265,312,31,2,59,64.5853,41.3775,,Uzbekistan
Australia,2020-04-05,929,865,987,956,908,1005,42,10,68,153.4,-28.0167,Queensland,Australia - Queensland
Azerbaijan,2020-04-05,549,497,608,589,532,634,59,15,97,47.5769,40.1431,,Azerbaijan
Australia,2020-04-05,351,324,375,465,441,488,11,0,36,115.8605,-31.9505,Western Australia,Australia - Western Australia
Afghanistan,2020-04-05,311,277,339,334,305,359,26,0,61,65.0,33.0,,Afghanistan
Algeria,2020-04-05,1159,1060,1257,1422,1280,1559,174,40,294,1.6596,28.0339,,Algeria
Armenia,2020-04-05,788,730,845,854,802,904,74,15,128,45.0382,40.0691,,Armenia
Venezuela,2020-04-05,99,91,107,161,156,167,3,0,7,-66.5897,6.4238,,Venezuela
Tunisia,2020-04-05,579,529,632,608,566,644,59,19,100,9.0,34.0,,Tunisia
Dominican Republic,2020-04-06,1620,1449,1812,1799,1638,1953,98,38,164,-70.1627,18.7357,,Dominican Republic
"Korea, South",2020-04-06,3309,2893,3764,11054,10138,12142,107,0,214,128.0,36.0,,"Korea, South"
New Zealand,2020-04-06,971,856,1109,1155,1041,1265,88,40,135,174.886,-40.9006,,New Zealand
Denmark,2020-04-06,86,73,97,190,182,199,0,0,4,-6.9118,61.8926,Faroe Islands,Denmark - Faroe Islands
Australia,2020-04-06,383,337,423,456,424,488,18,1,34,138.6007,-34.9285,South Australia,Australia - South Australia
Cuba,2020-04-06,315,262,376,352,318,390,33,13,56,-80.0,22.0,,Cuba
Norway,2020-04-06,5862,5343,6393,6192,5893,6508,223,121,308,8.4689,60.472,,Norway
United Kingdom,2020-04-06,294,249,346,322,274,376,38,10,66,-2.3644,49.3723,Channel Islands,United Kingdom - Channel Islands
Cyprus,2020-04-06,466,405,523,516,469,576,52,16,90,33.4299,35.1264,,Cyprus
Australia,2020-04-06,78,68,90,86,80,93,4,0,9,145.9707,-41.4545,Tasmania,Australia - Tasmania
North Macedonia,2020-04-06,529,454,607,576,516,633,60,10,107,21.7453,41.6086,,North Macedonia
Denmark,2020-04-06,2758,2533,2993,4793,4379,5180,400,136,681,9.5018,56.2639,,Denmark
Honduras,2020-04-06,309,237,375,328,286,387,37,7,66,-86.2419,15.2,,Honduras
Algeria,2020-04-06,1260,1089,1440,1570,1336,1768,174,39,279,1.6596,28.0339,,Algeria
Nigeria,2020-04-06,216,182,246,258,225,288,18,0,36,8.6753,9.082,,Nigeria
Netherlands,2020-04-06,16655,15381,18057,19183,18210,20321,997,673,1348,5.2913,52.1326,,Netherlands
United Kingdom,2020-04-06,48,41,57,113,100,125,6,0,15,-5.3536,36.1408,Gibraltar,United Kingdom - Gibraltar
Sweden,2020-04-06,6805,6150,7598,7679,7163,8184,598,303,865,16.0,63.0,,Sweden
Vietnam,2020-04-06,141,123,155,254,239,270,6,2,9,108.0,16.0,,Vietnam
Czechia,2020-04-06,4909,4481,5444,5189,4860,5612,375,217,525,15.472999999999999,49.8175,,Czechia
United Kingdom,2020-04-06,167,127,207,158,128,187,21,0,50,-4.5481,54.2361,Isle of Man,United Kingdom - Isle of Man
United Kingdom,2020-04-06,47613,43179,52237,51266,46950,56218,4996,2534,7156,-3.4360000000000004,55.3781,,United Kingdom
Ecuador,2020-04-06,3764,3264,4224,4181,3834,4544,286,56,516,-78.1834,-1.8312,,Ecuador
Malta,2020-04-06,228,199,254,234,217,251,11,0,34,14.3754,35.9375,,Malta
US,2020-04-06,358614,325688,397717,375506,340656,402883,35507,21453,57402,-95.7129,37.0902,,US
France,2020-04-06,329,288,376,392,349,427,18,0,48,55.2471,-21.1351,Reunion,France - Reunion
Ghana,2020-04-06,181,152,200,229,210,248,6,0,14,-1.0232,7.9465,,Ghana
Malaysia,2020-04-06,2675,2457,2913,3960,3678,4169,201,106,333,112.5,2.5,,Malaysia
Armenia,2020-04-06,841,726,956,919,835,1015,67,19,109,45.0382,40.0691,,Armenia
France,2020-04-06,123,108,137,163,149,179,6,0,24,-61.0242,14.6415,Martinique,France - Martinique
France,2020-04-06,140,113,171,163,141,184,15,0,24,45.1662,-12.8275,Mayotte,France - Mayotte
Venezuela,2020-04-06,101,88,114,167,156,175,3,0,8,-66.5897,6.4238,,Venezuela
France,2020-04-06,79849,72358,87618,103854,93813,112983,14959,1823,26065,2.2137,46.2276,,France
Latvia,2020-04-06,563,491,655,573,533,623,26,3,52,24.6032,56.8796,,Latvia
Lithuania,2020-04-06,898,778,1015,908,819,998,71,33,107,23.8813,55.1694,,Lithuania
Uzbekistan,2020-04-06,287,242,330,319,272,356,32,5,57,64.5853,41.3775,,Uzbekistan
Argentina,2020-04-06,1356,1180,1580,1750,1574,1936,166,50,290,-63.6167,-38.4161,,Argentina
Lebanon,2020-04-06,471,422,523,561,528,591,13,2,21,35.8623,33.8547,,Lebanon
Luxembourg,2020-04-06,2290,2094,2461,3083,2859,3274,126,56,213,6.1296,49.8153,,Luxembourg
Australia,2020-04-06,959,850,1064,1007,939,1083,37,10,63,153.4,-28.0167,Queensland,Australia - Queensland
Andorra,2020-04-06,459,407,521,527,486,563,18,0,36,1.5218,42.5063,,Andorra
Netherlands,2020-04-06,71,61,81,71,64,77,2,0,5,-70.0358,12.5186,Aruba,Netherlands - Aruba
Ireland,2020-04-06,5196,4579,5765,5577,5145,6019,453,243,621,-7.6921,53.1424,,Ireland
Egypt,2020-04-06,868,760,984,1264,1174,1366,109,21,197,30.0,26.0,,Egypt
Morocco,2020-04-06,929,779,1066,1116,967,1217,112,51,163,-7.0926,31.7917,,Morocco
Estonia,2020-04-06,1091,975,1210,1196,1095,1267,94,46,148,25.0136,58.5953,,Estonia
Kuwait,2020-04-06,489,391,596,589,517,667,89,2,168,47.75,29.5,,Kuwait
Mauritius,2020-04-06,209,181,240,227,206,252,16,1,32,57.5,-20.2,,Mauritius
Australia,2020-04-06,2742,2496,2937,2832,2667,2988,88,38,152,151.2093,-33.8688,New South Wales,Australia - New South Wales
Moldova,2020-04-06,948,760,1162,971,811,1097,156,40,264,28.3699,47.4116,,Moldova
Greece,2020-04-06,1689,1499,1856,1893,1751,2015,91,26,155,21.8243,39.0742,,Greece
France,2020-04-06,43,35,50,70,63,79,4,0,12,-53.1258,3.9339,French Guiana,France - French Guiana
Mexico,2020-04-06,1041,952,1138,2066,1831,2251,195,99,302,-102.5528,23.6345,,Mexico
Uruguay,2020-04-06,308,277,343,440,415,471,16,0,35,-55.7658,-32.5228,,Uruguay
Australia,2020-04-06,75,66,85,100,93,106,3,0,8,149.0124,-35.4735,Australian Capital Territory,Australia - Australian Capital Territory
France,2020-04-06,108,93,122,145,135,155,4,0,10,-61.5833,16.25,Guadeloupe,France - Guadeloupe
Finland,2020-04-06,1679,1509,1840,2108,1948,2270,156,62,289,26.0,64.0,,Finland
Oman,2020-04-06,245,209,285,322,290,353,25,7,43,57.0,21.0,,Oman
Hungary,2020-04-06,678,593,767,795,721,866,60,27,90,19.5033,47.1625,,Hungary
Australia,2020-04-06,599,541,641,1282,1205,1367,47,11,78,144.9631,-37.8136,Victoria,Australia - Victoria
Canada,2020-04-06,1219,1093,1369,1264,1144,1392,93,19,161,-116.5765,53.9333,Alberta,Canada - Alberta
Serbia,2020-04-06,2006,1728,2297,2000,1733,2241,216,127,400,21.0059,44.0165,,Serbia
Italy,2020-04-06,92421,85835,99000,137146,130738,143476,4952,2670,7120,12.0,43.0,,Italy
Thailand,2020-04-06,1390,1296,1525,2338,2164,2517,105,40,177,101.0,15.0,,Thailand
Canada,2020-04-06,1254,1113,1386,1346,1256,1411,41,4,79,-123.1207,49.2827,British Columbia,Canada - British Columbia
Senegal,2020-04-06,149,131,176,246,227,268,14,0,34,-14.4524,14.4974,,Senegal
Afghanistan,2020-04-06,336,287,387,360,311,406,28,0,55,65.0,33.0,,Afghanistan
Saudi Arabia,2020-04-06,1887,1717,2080,2539,2319,2736,178,92,271,45.0,24.0,,Saudi Arabia
Indonesia,2020-04-06,2006,1791,2169,2437,2299,2633,159,82,239,113.9213,-0.7893,,Indonesia
Canada,2020-04-06,83,68,99,104,93,115,2,0,9,-66.4619,46.5653,New Brunswick,Canada - New Brunswick
San Marino,2020-04-06,208,178,232,271,261,287,8,0,24,12.4578,43.9424,,San Marino
Croatia,2020-04-06,1114,994,1242,1303,1202,1398,74,26,124,15.2,45.1,,Croatia
Bahrain,2020-04-06,281,243,319,782,716,835,32,0,81,50.55,26.0275,,Bahrain
Canada,2020-04-06,207,169,251,219,184,253,16,0,37,-98.8139,53.7609,Manitoba,Canada - Manitoba
Singapore,2020-04-06,934,815,1033,1344,1260,1439,78,46,115,103.8333,1.2833,,Singapore
Cameroon,2020-04-06,779,567,968,805,622,986,109,0,283,11.5021,3.8480000000000003,,Cameroon
Belgium,2020-04-06,15958,14376,17433,21681,20107,23092,1619,1149,2018,4.0,50.8333,,Belgium
Bosnia and Herzegovina,2020-04-06,676,584,765,749,677,828,65,30,108,17.6791,43.9159,,Bosnia and Herzegovina
Brazil,2020-04-06,12616,11184,13812,13126,11508,14627,1487,737,2420,-51.9253,-14.235,,Brazil
Sri Lanka,2020-04-06,144,123,165,180,169,192,11,0,28,81.0,7.0,,Sri Lanka
Iraq,2020-04-06,624,547,703,1023,944,1105,57,11,105,44.0,33.0,,Iraq
Brunei,2020-04-06,68,61,74,141,135,148,1,0,2,114.7277,4.5353,,Brunei
Spain,2020-04-06,86065,79405,95479,145564,136929,154513,7964,4826,11360,-4.0,40.0,,Spain
Switzerland,2020-04-06,13637,12614,14773,22917,21672,24035,987,573,1417,8.2275,46.8182,,Switzerland
Bulgaria,2020-04-06,489,430,551,570,531,604,23,0,48,25.4858,42.7339,,Bulgaria
South Africa,2020-04-06,1564,1410,1739,1748,1660,1843,54,24,88,22.9375,-30.5595,,South Africa
Burkina Faso,2020-04-06,254,223,287,354,329,380,14,0,30,-1.5616,12.2383,,Burkina Faso
Slovenia,2020-04-06,941,847,1025,1092,1028,1152,52,18,81,14.9955,46.1512,,Slovenia
Israel,2020-04-06,8755,7971,9516,9761,8790,10802,643,289,908,35.0,31.0,,Israel
Cambodia,2020-04-06,61,52,67,118,112,123,0,0,2,104.9167,11.55,,Cambodia
Slovakia,2020-04-06,516,433,565,531,501,567,30,0,58,19.699,48.669,,Slovakia
Taiwan*,2020-04-06,305,267,340,370,353,395,7,2,12,121.0,23.7,,Taiwan*
Iran,2020-04-06,35663,33286,39196,63914,59953,67767,2991,1697,4775,53.0,32.0,,Iran
Canada,2020-04-06,201,172,229,221,203,245,7,0,17,-57.6604,53.1355,Newfoundland and Labrador,Canada - Newfoundland and Labrador
Germany,2020-04-06,74517,67362,80556,110815,102215,119047,6061,4002,8544,9.0,51.0,,Germany
Japan,2020-04-06,3101,2653,3535,3789,3392,4231,439,161,608,138.0,36.0,,Japan
Austria,2020-04-06,9464,8863,10135,13302,12615,14048,389,175,659,14.5501,47.5162,,Austria
Chile,2020-04-06,4262,3737,4751,5061,4643,5488,455,236,686,-71.543,-35.6751,,Chile
Poland,2020-04-06,4200,3621,4665,4446,4082,4774,410,204,632,19.1451,51.9194,,Poland
Cote d'Ivoire,2020-04-06,249,209,285,289,253,319,25,4,43,-5.5471,7.54,,Cote d'Ivoire
Iceland,2020-04-06,1074,983,1167,1595,1489,1702,69,22,124,-19.0208,64.9631,,Iceland
West Bank and Gaza,2020-04-06,248,197,311,269,231,306,27,0,69,35.2332,31.9522,,West Bank and Gaza
Panama,2020-04-06,1918,1657,2210,2014,1805,2193,198,87,286,-80.7821,8.538,,Panama
Colombia,2020-04-06,1552,1366,1782,1665,1507,1843,142,39,257,-74.2973,4.5709,,Colombia
Ukraine,2020-04-06,1516,1282,1787,1582,1381,1826,198,70,318,31.1656,48.3794,,Ukraine
Peru,2020-04-06,759,695,831,2154,1880,2363,214,86,307,-75.0152,-9.19,,Peru
Australia,2020-04-06,358,316,399,484,451,511,16,0,45,115.8605,-31.9505,Western Australia,Australia - Western Australia
Kazakhstan,2020-04-06,591,515,671,645,576,717,62,22,96,66.9237,48.0196,,Kazakhstan
Costa Rica,2020-04-06,461,399,510,484,451,517,22,3,42,-83.7534,9.7489,,Costa Rica
Philippines,2020-04-06,3614,3213,4046,3903,3416,4327,322,108,546,122.0,13.0,,Philippines
Portugal,2020-04-06,12241,10750,13620,12676,11703,13895,919,539,1399,-8.2245,39.3999,,Portugal
Turkey,2020-04-06,29408,26314,32951,30436,26828,34141,3313,1429,5218,35.2433,38.9637,,Turkey
Jordan,2020-04-06,250,223,283,352,331,375,11,5,16,36.51,31.24,,Jordan
Canada,2020-04-06,272,222,323,279,240,312,28,0,52,-63.7443,44.681999999999995,Nova Scotia,Canada - Nova Scotia
Russia,2020-04-06,5836,4975,6577,6243,5418,7085,762,137,1329,90.0,60.0,,Russia
India,2020-04-06,3660,3152,4202,4002,3448,4543,538,226,848,78.0,21.0,,India
Tunisia,2020-04-06,624,532,719,658,578,733,66,13,103,9.0,34.0,,Tunisia
Canada,2020-04-06,4612,3940,5221,4740,4080,5283,534,182,853,-85.3232,51.2538,Ontario,Canada - Ontario
Canada,2020-04-06,227,196,263,247,226,265,8,0,17,-106.4509,52.9399,Saskatchewan,Canada - Saskatchewan
Romania,2020-04-06,3829,3375,4345,4489,4064,4882,481,202,627,24.9668,45.9432,,Romania
United Arab Emirates,2020-04-06,1849,1553,2179,1961,1610,2334,287,76,496,54.0,24.0,,United Arab Emirates
Canada,2020-04-06,7428,6650,8391,7655,6995,8433,546,174,799,-73.5491,52.9399,Quebec,Canada - Quebec
Qatar,2020-04-06,1482,1353,1723,1590,1435,1764,201,6,400,51.1839,25.3548,,Qatar
Albania,2020-04-06,227,198,263,382,349,410,27,0,52,20.1683,41.1533,,Albania
Pakistan,2020-04-06,3076,2741,3441,3327,3053,3619,275,92,435,69.3451,30.3753,,Pakistan
Azerbaijan,2020-04-06,602,518,699,648,583,726,77,32,129,47.5769,40.1431,,Azerbaijan
Latvia,2020-04-07,594,482,694,608,560,661,20,0,47,24.6032,56.8796,,Latvia
Kazakhstan,2020-04-07,659,520,808,713,619,820,66,14,114,66.9237,48.0196,,Kazakhstan
Ireland,2020-04-07,5550,4733,6438,6046,5504,6733,449,266,657,-7.6921,53.1424,,Ireland
Vietnam,2020-04-07,139,117,158,257,239,284,6,0,12,108.0,16.0,,Vietnam
Israel,2020-04-07,9396,8190,10588,10580,9353,11986,817,70,1042,35.0,31.0,,Israel
Venezuela,2020-04-07,107,88,122,174,157,183,2,0,6,-66.5897,6.4238,,Venezuela
Jordan,2020-04-07,255,217,298,367,339,398,9,0,23,36.51,31.24,,Jordan
"Korea, South",2020-04-07,3171,2545,3732,11641,10405,13040,94,0,211,128.0,36.0,,"Korea, South"
Italy,2020-04-07,94106,84974,102357,145026,135756,154728,5109,2312,8133,12.0,43.0,,Italy
Kuwait,2020-04-07,561,406,726,665,561,795,79,0,189,47.75,29.5,,Kuwait
Japan,2020-04-07,3413,2664,4026,4235,3609,4934,474,43,737,138.0,36.0,,Japan
West Bank and Gaza,2020-04-07,277,189,370,311,240,373,38,0,93,35.2332,31.9522,,West Bank and Gaza
Sri Lanka,2020-04-07,153,123,190,187,172,203,14,0,42,81.0,7.0,,Sri Lanka
Lebanon,2020-04-07,486,419,552,588,545,629,15,0,36,35.8623,33.8547,,Lebanon
Turkey,2020-04-07,33518,28719,38960,33931,28699,38910,3680,1209,5995,35.2433,38.9637,,Turkey
Philippines,2020-04-07,3995,3329,4730,4284,3693,4925,389,54,641,122.0,13.0,,Philippines
Poland,2020-04-07,4580,3695,5366,4915,4345,5491,421,208,738,19.1451,51.9194,,Poland
Portugal,2020-04-07,13275,11361,15038,13789,12340,15321,913,426,1495,-8.2245,39.3999,,Portugal
Tunisia,2020-04-07,685,551,820,717,609,831,64,0,131,9.0,34.0,,Tunisia
Qatar,2020-04-07,1710,1428,2024,1756,1551,2036,262,0,520,51.1839,25.3548,,Qatar
Romania,2020-04-07,4242,3625,5010,5002,4414,5744,478,240,685,24.9668,45.9432,,Romania
Russia,2020-04-07,6709,5223,8267,7121,5852,8404,870,253,1473,90.0,60.0,,Russia
San Marino,2020-04-07,214,177,252,281,262,304,5,0,19,12.4578,43.9424,,San Marino
Thailand,2020-04-07,1417,1255,1602,2478,2280,2681,116,44,173,101.0,15.0,,Thailand
Saudi Arabia,2020-04-07,1996,1746,2260,2737,2449,3024,169,66,282,45.0,24.0,,Saudi Arabia
Senegal,2020-04-07,157,132,193,262,234,298,12,0,29,-14.4524,14.4974,,Senegal
Taiwan*,2020-04-07,310,261,364,383,356,417,8,1,15,121.0,23.7,,Taiwan*
Serbia,2020-04-07,2233,1825,2698,2231,1873,2624,251,111,435,21.0059,44.0165,,Serbia
Singapore,2020-04-07,971,803,1126,1423,1311,1569,76,22,138,103.8333,1.2833,,Singapore
Slovakia,2020-04-07,548,433,625,562,520,612,30,0,65,19.699,48.669,,Slovakia
Switzerland,2020-04-07,13771,12540,15111,24221,22876,25636,964,376,1546,8.2275,46.8182,,Switzerland
Slovenia,2020-04-07,979,849,1114,1156,1064,1245,46,6,95,14.9955,46.1512,,Slovenia
South Africa,2020-04-07,1628,1412,1870,1845,1703,1975,54,7,93,22.9375,-30.5595,,South Africa
Sweden,2020-04-07,7303,6349,8352,8279,7511,8952,617,160,1013,16.0,63.0,,Sweden
Spain,2020-04-07,90024,79698,101991,153969,142835,165331,8001,5410,11281,-4.0,40.0,,Spain
Peru,2020-04-07,749,667,847,2365,2042,2694,226,74,384,-75.0152,-9.19,,Peru
Uzbekistan,2020-04-07,319,256,400,351,287,403,37,5,73,64.5853,41.3775,,Uzbekistan
Panama,2020-04-07,2031,1689,2488,2217,1897,2504,213,92,320,-80.7821,8.538,,Panama
Pakistan,2020-04-07,3315,2804,3873,3626,3228,3977,293,120,452,69.3451,30.3753,,Pakistan
Lithuania,2020-04-07,991,801,1174,984,877,1115,72,17,129,23.8813,55.1694,,Lithuania
US,2020-04-07,397717,344020,449719,403645,362548,447815,38025,20890,61169,-95.7129,37.0902,,US
Luxembourg,2020-04-07,2348,2077,2633,3291,3014,3545,160,15,269,6.1296,49.8153,,Luxembourg
Malaysia,2020-04-07,2796,2454,3129,4153,3840,4442,222,66,336,112.5,2.5,,Malaysia
Malta,2020-04-07,239,193,287,244,223,266,12,0,32,14.3754,35.9375,,Malta
Uruguay,2020-04-07,314,273,361,463,428,503,21,3,46,-55.7658,-32.5228,,Uruguay
Mauritius,2020-04-07,223,182,266,245,216,275,15,0,28,57.5,-20.2,,Mauritius
Mexico,2020-04-07,1089,955,1213,2270,2000,2539,202,80,308,-102.5528,23.6345,,Mexico
United Kingdom,2020-04-07,52622,45820,58977,56850,51044,63874,5194,2391,7903,-3.4360000000000004,55.3781,,United Kingdom
Moldova,2020-04-07,1111,814,1411,1109,881,1309,161,0,343,28.3699,47.4116,,Moldova
Morocco,2020-04-07,1009,818,1204,1238,1046,1377,109,43,179,-7.0926,31.7917,,Morocco
Netherlands,2020-04-07,75,61,90,74,65,83,2,0,7,-70.0358,12.5186,Aruba,Netherlands - Aruba
Netherlands,2020-04-07,17630,15552,19648,20583,19012,22421,1105,610,1636,5.2913,52.1326,,Netherlands
United Kingdom,2020-04-07,50,39,65,118,102,135,3,0,14,-5.3536,36.1408,Gibraltar,United Kingdom - Gibraltar
New Zealand,2020-04-07,1034,855,1215,1273,1101,1452,114,44,149,174.886,-40.9006,,New Zealand
Nigeria,2020-04-07,232,181,275,283,229,328,16,0,30,8.6753,9.082,,Nigeria
United Kingdom,2020-04-07,326,255,401,363,280,435,39,1,82,-2.3644,49.3723,Channel Islands,United Kingdom - Channel Islands
North Macedonia,2020-04-07,585,474,696,626,549,718,58,0,109,21.7453,41.6086,,North Macedonia
United Arab Emirates,2020-04-07,2138,1670,2687,2302,1697,2832,313,0,573,54.0,24.0,,United Arab Emirates
Norway,2020-04-07,6152,5419,6930,6533,6074,7065,243,67,422,8.4689,60.472,,Norway
Oman,2020-04-07,260,205,323,349,302,391,26,0,51,57.0,21.0,,Oman
Ukraine,2020-04-07,1734,1384,2081,1785,1475,2161,237,64,373,31.1656,48.3794,,Ukraine
United Kingdom,2020-04-07,194,127,251,178,136,225,26,0,62,-4.5481,54.2361,Isle of Man,United Kingdom - Isle of Man
Cyprus,2020-04-07,511,417,599,569,501,663,53,2,99,33.4299,35.1264,,Cyprus
Denmark,2020-04-07,87,72,102,195,183,208,1,0,3,-6.9118,61.8926,Faroe Islands,Denmark - Faroe Islands
Australia,2020-04-07,77,65,93,104,94,113,3,0,7,149.0124,-35.4735,Australian Capital Territory,Australia - Australian Capital Territory
Canada,2020-04-07,8036,6781,9363,8369,7262,9499,503,73,898,-73.5491,52.9399,Quebec,Canada - Quebec
France,2020-04-07,152,114,194,175,150,203,11,0,31,45.1662,-12.8275,Mayotte,France - Mayotte
Azerbaijan,2020-04-07,651,532,818,719,606,847,53,0,125,47.5769,40.1431,,Azerbaijan
Canada,2020-04-07,5202,4053,6154,5300,4441,6132,560,271,910,-85.3232,51.2538,Ontario,Canada - Ontario
France,2020-04-07,350,287,416,420,366,471,21,0,42,55.2471,-21.1351,Reunion,France - Reunion
Armenia,2020-04-07,912,744,1082,996,880,1122,79,26,129,45.0382,40.0691,,Armenia
Canada,2020-04-07,298,230,377,307,258,359,28,0,65,-63.7443,44.681999999999995,Nova Scotia,Canada - Nova Scotia
France,2020-04-07,112,89,133,151,136,163,3,0,10,-61.5833,16.25,Guadeloupe,France - Guadeloupe
France,2020-04-07,130,106,152,171,152,190,12,0,38,-61.0242,14.6415,Martinique,France - Martinique
France,2020-04-07,90263,79251,101700,114417,102339,126030,16537,5430,28972,2.2137,46.2276,,France
Bahrain,2020-04-07,291,243,341,837,751,914,29,0,80,50.55,26.0275,,Bahrain
Canada,2020-04-07,87,68,109,107,93,122,3,0,9,-66.4619,46.5653,New Brunswick,Canada - New Brunswick
Argentina,2020-04-07,1490,1223,1798,1932,1699,2197,195,73,365,-63.6167,-38.4161,,Argentina
Germany,2020-04-07,77583,67402,85789,118733,109383,127134,6677,3969,9810,9.0,51.0,,Germany
Canada,2020-04-07,229,170,287,239,193,293,17,0,46,-98.8139,53.7609,Manitoba,Canada - Manitoba
Canada,2020-04-07,211,169,256,238,209,269,5,0,18,-57.6604,53.1355,Newfoundland and Labrador,Canada - Newfoundland and Labrador
Canada,2020-04-07,237,191,291,263,231,290,11,0,30,-106.4509,52.9399,Saskatchewan,Canada - Saskatchewan
France,2020-04-07,46,35,58,74,64,88,2,0,11,-53.1258,3.9339,French Guiana,France - French Guiana
Austria,2020-04-07,9602,8633,10657,14025,13191,14974,361,86,692,14.5501,47.5162,,Austria
Czechia,2020-04-07,5263,4511,6051,5598,5161,6152,394,165,609,15.472999999999999,49.8175,,Czechia
Cuba,2020-04-07,342,259,430,385,336,443,25,0,48,-80.0,22.0,,Cuba
Croatia,2020-04-07,1179,1021,1355,1394,1254,1529,72,24,125,15.2,45.1,,Croatia
Australia,2020-04-07,612,529,696,1371,1250,1478,54,0,104,144.9631,-37.8136,Victoria,Australia - Victoria
Australia,2020-04-07,402,340,452,486,434,535,22,0,39,138.6007,-34.9285,South Australia,Australia - South Australia
Denmark,2020-04-07,2837,2496,3228,5231,4594,5742,450,143,791,9.5018,56.2639,,Denmark
Cote d'Ivoire,2020-04-07,265,209,316,315,261,359,17,0,45,-5.5471,7.54,,Cote d'Ivoire
Dominican Republic,2020-04-07,1725,1477,1991,1942,1744,2142,114,0,224,-70.1627,18.7357,,Dominican Republic
Costa Rica,2020-04-07,482,405,557,515,471,559,22,3,41,-83.7534,9.7489,,Costa Rica
Ecuador,2020-04-07,4061,3322,4633,4566,4063,5123,348,0,682,-78.1834,-1.8312,,Ecuador
Australia,2020-04-07,372,307,442,517,472,562,18,0,48,115.8605,-31.9505,Western Australia,Australia - Western Australia
Australia,2020-04-07,991,852,1160,1064,970,1164,39,0,80,153.4,-28.0167,Queensland,Australia - Queensland
Egypt,2020-04-07,941,762,1104,1368,1223,1521,138,27,234,30.0,26.0,,Egypt
Colombia,2020-04-07,1674,1411,1978,1821,1579,2064,166,50,291,-74.2973,4.5709,,Colombia
Estonia,2020-04-07,1162,985,1353,1305,1154,1402,101,46,162,25.0136,58.5953,,Estonia
Australia,2020-04-07,2878,2549,3211,3012,2782,3251,80,41,121,151.2093,-33.8688,New South Wales,Australia - New South Wales
Finland,2020-04-07,1761,1549,1993,2262,2074,2454,195,35,332,26.0,64.0,,Finland
Chile,2020-04-07,4587,3813,5419,5602,4931,6228,45,216,706,-71.543,-35.6751,,Chile
Ghana,2020-04-07,190,153,220,240,215,265,4,0,14,-1.0232,7.9465,,Ghana
Canada,2020-04-07,1295,1108,1495,1409,1295,1522,47,0,110,-123.1207,49.2827,British Columbia,Canada - British Columbia
Australia,2020-04-07,82,67,101,91,82,100,2,0,7,145.9707,-41.4545,Tasmania,Australia - Tasmania
Brunei,2020-04-07,70,61,80,144,137,153,1,0,3,114.7277,4.5353,,Brunei
Algeria,2020-04-07,1403,1133,1693,1750,1432,2023,163,32,320,1.6596,28.0339,,Algeria
Cambodia,2020-04-07,60,50,70,120,112,125,0,0,3,104.9167,11.55,,Cambodia
Honduras,2020-04-07,348,239,448,369,295,454,38,1,74,-86.2419,15.2,,Honduras
Belgium,2020-04-07,17105,15063,19245,23627,21483,26043,1736,896,2534,4.0,50.8333,,Belgium
Bulgaria,2020-04-07,516,432,608,604,554,654,30,0,73,25.4858,42.7339,,Bulgaria
Cameroon,2020-04-07,919,648,1246,934,672,1200,154,0,307,11.5021,3.8480000000000003,,Cameroon
Hungary,2020-04-07,726,604,838,854,764,963,54,13,100,19.5033,47.1625,,Hungary
Iceland,2020-04-07,1106,961,1253,1695,1560,1809,69,0,120,-19.0208,64.9631,,Iceland
Afghanistan,2020-04-07,363,287,442,396,329,466,29,0,63,65.0,33.0,,Afghanistan
Iran,2020-04-07,37049,33375,42067,68282,63072,73585,3391,1397,5292,53.0,32.0,,Iran
Brazil,2020-04-07,14327,12410,16093,14701,12426,16634,1659,609,2559,-51.9253,-14.235,,Brazil
Albania,2020-04-07,239,193,289,410,366,447,33,0,60,20.1683,41.1533,,Albania
Greece,2020-04-07,1785,1513,2051,2029,1829,2213,88,0,180,21.8243,39.0742,,Greece
Iraq,2020-04-07,655,542,773,1109,987,1224,64,10,109,44.0,33.0,,Iraq
Burkina Faso,2020-04-07,263,219,315,375,340,412,14,0,31,-1.5616,12.2383,,Burkina Faso
Bosnia and Herzegovina,2020-04-07,730,581,882,819,709,954,81,24,148,17.6791,43.9159,,Bosnia and Herzegovina
India,2020-04-07,4193,3431,5007,4572,3742,5391,534,103,944,78.0,21.0,,India
Andorra,2020-04-07,478,396,571,561,512,608,23,1,42,1.5218,42.5063,,Andorra
Canada,2020-04-07,1332,1132,1541,1371,1203,1536,109,6,217,-116.5765,53.9333,Alberta,Canada - Alberta
Indonesia,2020-04-07,2122,1809,2429,2638,2398,2912,172,25,299,113.9213,-0.7893,,Indonesia
Australia,2020-04-08,386,307,467,543,487,607,17,0,35,115.8605,-31.9505,Western Australia,Australia - Western Australia
Colombia,2020-04-08,1807,1457,2225,1985,1687,2257,176,64,289,-74.2973,4.5709,,Colombia
Turkey,2020-04-08,37890,30782,44867,37958,29867,44782,4003,1497,6120,35.2433,38.9637,,Turkey
Bulgaria,2020-04-08,547,431,662,639,569,711,38,0,72,25.4858,42.7339,,Bulgaria
South Africa,2020-04-08,1692,1383,1996,1930,1770,2069,38,9,81,22.9375,-30.5595,,South Africa
Peru,2020-04-08,772,686,892,2584,2176,3049,223,58,352,-75.0152,-9.19,,Peru
Canada,2020-04-08,1360,1097,1625,1489,1337,1634,41,0,84,-123.1207,49.2827,British Columbia,Canada - British Columbia
Panama,2020-04-08,2270,1717,2863,2443,2049,2873,187,62,332,-80.7821,8.538,,Panama
North Macedonia,2020-04-08,645,482,810,676,568,803,70,0,110,21.7453,41.6086,,North Macedonia
Cuba,2020-04-08,372,258,495,423,353,507,28,0,58,-80.0,22.0,,Cuba
United Arab Emirates,2020-04-08,2441,1673,3271,2659,1912,3400,302,0,634,54.0,24.0,,United Arab Emirates
Norway,2020-04-08,6391,5498,7336,6900,6234,7603,257,43,448,8.4689,60.472,,Norway
Croatia,2020-04-08,1244,1018,1468,1489,1307,1663,84,0,156,15.2,45.1,,Croatia
Brazil,2020-04-08,15751,13267,19238,16357,13424,19279,1662,821,2725,-51.9253,-14.235,,Brazil
Brunei,2020-04-08,73,59,89,147,138,158,1,0,7,114.7277,4.5353,,Brunei
Oman,2020-04-08,285,206,385,377,315,436,27,0,56,57.0,21.0,,Oman
Cote d'Ivoire,2020-04-08,284,206,354,332,273,399,21,0,52,-5.5471,7.54,,Cote d'Ivoire
Spain,2020-04-08,92743,80635,107427,163064,148408,178290,7941,4662,11559,-4.0,40.0,,Spain
Pakistan,2020-04-08,3621,2921,4355,3911,3382,4441,294,122,543,69.3451,30.3753,,Pakistan
Sweden,2020-04-08,7875,6587,9196,8930,7962,9962,631,102,1238,16.0,63.0,,Sweden
Philippines,2020-04-08,4410,3439,5381,4718,3896,5539,376,80,603,122.0,13.0,,Philippines
Costa Rica,2020-04-08,504,399,612,540,486,594,24,0,52,-83.7534,9.7489,,Costa Rica
Australia,2020-04-08,634,514,732,1456,1311,1594,53,0,110,144.9631,-37.8136,Victoria,Australia - Victoria
Ukraine,2020-04-08,1953,1428,2461,2010,1548,2495,194,46,390,31.1656,48.3794,,Ukraine
Austria,2020-04-08,9894,8754,11196,14735,13662,15831,376,148,591,14.5501,47.5162,,Austria
Slovenia,2020-04-08,1019,842,1203,1212,1106,1337,52,0,106,14.9955,46.1512,,Slovenia
Canada,2020-04-08,221,166,278,252,217,289,4,0,17,-57.6604,53.1355,Newfoundland and Labrador,Canada - Newfoundland and Labrador
Cameroon,2020-04-08,1132,697,1633,1111,720,1578,104,0,277,11.5021,3.8480000000000003,,Cameroon
Serbia,2020-04-08,2792,1916,3218,2504,1986,2976,309,117,492,21.0059,44.0165,,Serbia
Bahrain,2020-04-08,305,240,373,893,784,998,40,0,114,50.55,26.0275,,Bahrain
Canada,2020-04-08,93,67,123,112,96,130,2,0,9,-66.4619,46.5653,New Brunswick,Canada - New Brunswick
Australia,2020-04-08,88,64,114,94,84,107,1,0,6,145.9707,-41.4545,Tasmania,Australia - Tasmania
Taiwan*,2020-04-08,312,252,391,394,357,437,7,0,14,121.0,23.7,,Taiwan*
Thailand,2020-04-08,1449,1196,1674,2608,2341,2865,110,16,186,101.0,15.0,,Thailand
Canada,2020-04-08,1436,1104,1744,1469,1251,1702,88,0,188,-116.5765,53.9333,Alberta,Canada - Alberta
Canada,2020-04-08,254,177,341,259,197,327,19,0,49,-98.8139,53.7609,Manitoba,Canada - Manitoba
Senegal,2020-04-08,164,127,212,277,239,321,15,0,32,-14.4524,14.4974,,Senegal
Saudi Arabia,2020-04-08,2111,1732,2491,2934,2572,3284,199,30,352,45.0,24.0,,Saudi Arabia
San Marino,2020-04-08,224,171,272,292,262,321,3,0,18,12.4578,43.9424,,San Marino
Chile,2020-04-08,4923,3856,6142,6160,5247,7045,472,214,690,-71.543,-35.6751,,Chile
Canada,2020-04-08,332,245,445,341,270,405,35,0,66,-63.7443,44.681999999999995,Nova Scotia,Canada - Nova Scotia
Poland,2020-04-08,5032,4009,6094,5367,4602,6152,402,146,709,19.1451,51.9194,,Poland
Canada,2020-04-08,249,190,327,276,235,313,8,0,22,-106.4509,52.9399,Saskatchewan,Canada - Saskatchewan
Burkina Faso,2020-04-08,269,218,342,397,350,442,14,0,36,-1.5616,12.2383,,Burkina Faso
Portugal,2020-04-08,14276,11699,16838,14976,13191,16756,945,395,1461,-8.2245,39.3999,,Portugal
Tunisia,2020-04-08,740,544,978,778,652,933,67,1,121,9.0,34.0,,Tunisia
Switzerland,2020-04-08,14010,12682,15638,25359,23496,27045,1106,460,1688,8.2275,46.8182,,Switzerland
Singapore,2020-04-08,1002,798,1218,1494,1328,1660,85,34,140,103.8333,1.2833,,Singapore
Canada,2020-04-08,8669,6624,10505,9216,7775,10641,572,178,992,-73.5491,52.9399,Quebec,Canada - Quebec
Qatar,2020-04-08,1910,1533,2377,1935,1619,2325,191,0,471,51.1839,25.3548,,Qatar
Cambodia,2020-04-08,63,50,78,122,113,128,0,0,3,104.9167,11.55,,Cambodia
Canada,2020-04-08,5847,4270,7065,6031,4784,7353,608,268,1062,-85.3232,51.2538,Ontario,Canada - Ontario
Belgium,2020-04-08,18180,15275,21053,25600,22546,29018,1786,970,2568,4.0,50.8333,,Belgium
Azerbaijan,2020-04-08,748,554,948,809,654,987,70,1,141,47.5769,40.1431,,Azerbaijan
Romania,2020-04-08,4601,3625,5658,5533,4708,6436,428,207,623,24.9668,45.9432,,Romania
Slovakia,2020-04-08,585,437,676,597,536,668,28,0,76,19.699,48.669,,Slovakia
Russia,2020-04-08,7605,5379,9673,8170,6268,10138,845,111,1550,90.0,60.0,,Russia
Iraq,2020-04-08,691,553,864,1205,1022,1364,55,0,114,44.0,33.0,,Iraq
Bosnia and Herzegovina,2020-04-08,788,589,999,893,753,1054,68,3,129,17.6791,43.9159,,Bosnia and Herzegovina
US,2020-04-08,442762,364531,514872,430992,376706,481553,35984,13188,60697,-95.7129,37.0902,,US
Cyprus,2020-04-08,570,438,695,624,518,740,54,0,116,33.4299,35.1264,,Cyprus
France,2020-04-08,137,106,166,179,154,207,7,0,29,-61.0242,14.6415,Martinique,France - Martinique
Luxembourg,2020-04-08,2400,2027,2756,3484,3081,3879,166,0,307,6.1296,49.8153,,Luxembourg
Armenia,2020-04-08,1000,758,1218,1075,925,1236,80,17,150,45.0382,40.0691,,Armenia
Jordan,2020-04-08,262,218,315,383,345,420,12,4,20,36.51,31.24,,Jordan
France,2020-04-08,372,290,463,450,381,514,23,0,48,55.2471,-21.1351,Reunion,France - Reunion
Lithuania,2020-04-08,1065,788,1331,1065,909,1242,73,21,135,23.8813,55.1694,,Lithuania
Malaysia,2020-04-08,2903,2504,3355,4375,3990,4741,203,32,343,112.5,2.5,,Malaysia
Uruguay,2020-04-08,324,273,378,493,434,535,20,0,40,-55.7658,-32.5228,,Uruguay
France,2020-04-08,167,116,231,190,152,235,7,0,25,45.1662,-12.8275,Mayotte,France - Mayotte
Malta,2020-04-08,260,198,319,254,224,282,14,0,40,14.3754,35.9375,,Malta
Albania,2020-04-08,255,195,321,436,378,492,28,0,65,20.1683,41.1533,,Albania
France,2020-04-08,118,85,144,157,138,177,3,0,12,-61.5833,16.25,Guadeloupe,France - Guadeloupe
Mauritius,2020-04-08,238,182,300,261,220,305,19,0,42,57.5,-20.2,,Mauritius
Iceland,2020-04-08,1135,953,1317,1779,1598,1936,77,0,162,-19.0208,64.9631,,Iceland
Japan,2020-04-08,3825,2896,4692,4708,3788,5678,375,89,841,138.0,36.0,,Japan
France,2020-04-08,99519,84905,116575,123946,108005,141891,13082,2048,26888,2.2137,46.2276,,France
Argentina,2020-04-08,1639,1186,2095,2122,1802,2470,185,50,328,-63.6167,-38.4161,,Argentina
"Korea, South",2020-04-08,3119,2379,3773,12455,10526,14496,81,0,281,128.0,36.0,,"Korea, South"
Venezuela,2020-04-08,113,87,137,180,159,192,3,0,8,-66.5897,6.4238,,Venezuela
Honduras,2020-04-08,387,235,542,418,311,546,33,0,74,-86.2419,15.2,,Honduras
Greece,2020-04-08,1894,1549,2226,2159,1904,2387,115,0,217,21.8243,39.0742,,Greece
Kuwait,2020-04-08,646,419,857,743,608,914,73,0,172,47.75,29.5,,Kuwait
Andorra,2020-04-08,501,398,621,592,532,651,17,3,42,1.5218,42.5063,,Andorra
Vietnam,2020-04-08,140,111,163,262,239,293,6,0,11,108.0,16.0,,Vietnam
Ghana,2020-04-08,196,151,243,251,220,281,5,0,19,-1.0232,7.9465,,Ghana
Kazakhstan,2020-04-08,715,523,928,781,640,941,64,13,118,66.9237,48.0196,,Kazakhstan
Uzbekistan,2020-04-08,348,256,465,383,312,451,33,0,69,64.5853,41.3775,,Uzbekistan
Germany,2020-04-08,80410,67991,92757,125944,114903,135928,6496,3101,9462,9.0,51.0,,Germany
Latvia,2020-04-08,630,475,770,641,572,713,25,0,69,24.6032,56.8796,,Latvia
Hungary,2020-04-08,785,620,957,920,798,1091,67,14,109,19.5033,47.1625,,Hungary
Lebanon,2020-04-08,499,417,569,610,560,662,16,0,40,35.8623,33.8547,,Lebanon
India,2020-04-08,4859,3626,6107,5169,4013,6514,585,128,1012,78.0,21.0,,India
Australia,2020-04-08,80,61,98,108,94,119,2,0,6,149.0124,-35.4735,Australian Capital Territory,Australia - Australian Capital Territory
Mexico,2020-04-08,1123,968,1282,2480,2126,2868,194,85,330,-102.5528,23.6345,,Mexico
Dominican Republic,2020-04-08,1835,1455,2171,2091,1799,2377,124,29,221,-70.1627,18.7357,,Dominican Republic
Netherlands,2020-04-08,18666,15853,21702,21881,19935,24164,1156,520,1665,5.2913,52.1326,,Netherlands
Israel,2020-04-08,10038,8277,11745,11558,9935,13364,783,411,1129,35.0,31.0,,Israel
United Kingdom,2020-04-08,54,37,71,126,104,149,7,0,18,-5.3536,36.1408,Gibraltar,United Kingdom - Gibraltar
Denmark,2020-04-08,2947,2543,3440,5581,4866,6208,428,129,716,9.5018,56.2639,,Denmark
New Zealand,2020-04-08,1106,848,1386,1399,1190,1625,90,24,143,174.886,-40.9006,,New Zealand
Australia,2020-04-08,413,340,481,519,437,575,18,1,38,138.6007,-34.9285,South Australia,Australia - South Australia
France,2020-04-08,49,33,64,79,64,96,5,0,14,-53.1258,3.9339,French Guiana,France - French Guiana
Denmark,2020-04-08,90,70,107,200,188,215,1,0,3,-6.9118,61.8926,Faroe Islands,Denmark - Faroe Islands
Iran,2020-04-08,38941,33364,43989,72751,65737,79767,3313,1100,5479,53.0,32.0,,Iran
United Kingdom,2020-04-08,363,268,467,399,286,487,42,0,86,-2.3644,49.3723,Channel Islands,United Kingdom - Channel Islands
Czechia,2020-04-08,5566,4414,6560,5992,5436,6642,403,175,583,15.472999999999999,49.8175,,Czechia
Ireland,2020-04-08,5934,4835,7066,6585,5704,7538,434,196,743,-7.6921,53.1424,,Ireland
Nigeria,2020-04-08,254,179,320,305,240,368,16,0,39,8.6753,9.082,,Nigeria
Sri Lanka,2020-04-08,164,125,222,195,174,217,9,0,36,81.0,7.0,,Sri Lanka
Australia,2020-04-08,1019,837,1256,1124,1001,1248,40,0,76,153.4,-28.0167,Queensland,Australia - Queensland
Afghanistan,2020-04-08,401,294,516,430,337,534,30,0,84,65.0,33.0,,Afghanistan
Netherlands,2020-04-08,77,59,97,78,66,87,1,0,6,-70.0358,12.5186,Aruba,Netherlands - Aruba
United Kingdom,2020-04-08,57838,48883,68321,62060,54188,71059,5573,1688,9502,-3.4360000000000004,55.3781,,United Kingdom
Finland,2020-04-08,1844,1554,2190,2407,2122,2698,186,6,305,26.0,64.0,,Finland
Moldova,2020-04-08,1291,877,1730,1283,957,1581,158,0,330,28.3699,47.4116,,Moldova
West Bank and Gaza,2020-04-08,288,187,435,349,260,453,22,0,76,35.2332,31.9522,,West Bank and Gaza
Australia,2020-04-08,2996,2556,3423,3207,2914,3520,82,5,159,151.2093,-33.8688,New South Wales,Australia - New South Wales
Estonia,2020-04-08,1239,985,1507,1404,1198,1548,100,31,165,25.0136,58.5953,,Estonia
Italy,2020-04-08,95651,83775,106614,151675,139959,163049,5522,1020,10091,12.0,43.0,,Italy
Algeria,2020-04-08,1546,1145,1927,1944,1537,2300,186,4,333,1.6596,28.0339,,Algeria
United Kingdom,2020-04-08,222,134,318,193,136,255,32,0,85,-4.5481,54.2361,Isle of Man,United Kingdom - Isle of Man
Egypt,2020-04-08,1015,761,1298,1471,1271,1696,136,12,251,30.0,26.0,,Egypt
Morocco,2020-04-08,1091,831,1348,1347,1107,1566,110,33,180,-7.0926,31.7917,,Morocco
Indonesia,2020-04-08,2272,1832,2719,2823,2512,3201,164,12,284,113.9213,-0.7893,,Indonesia
Ecuador,2020-04-08,4347,3377,5301,4890,4308,5664,340,0,692,-78.1834,-1.8312,,Ecuador
West Bank and Gaza,2020-04-09,338,185,506,382,267,516,26,0,77,35.2332,31.9522,,West Bank and Gaza
Switzerland,2020-04-09,14110,12523,16338,26452,24347,28563,1096,265,2060,8.2275,46.8182,,Switzerland
Belgium,2020-04-09,19686,15279,23076,27344,23515,31213,1801,957,2597,4.0,50.8333,,Belgium
Afghanistan,2020-04-09,428,287,592,473,346,618,28,0,59,65.0,33.0,,Afghanistan
Vietnam,2020-04-09,140,109,173,266,239,303,6,0,12,108.0,16.0,,Vietnam
Sweden,2020-04-09,8401,6762,10163,9590,8381,10769,661,48,1202,16.0,63.0,,Sweden
Albania,2020-04-09,270,192,358,460,390,523,37,0,80,20.1683,41.1533,,Albania
Australia,2020-04-09,427,338,515,538,453,609,23,0,42,138.6007,-34.9285,South Australia,Australia - South Australia
United Arab Emirates,2020-04-09,2803,1702,4000,3062,2029,4190,284,0,659,54.0,24.0,,United Arab Emirates
United Kingdom,2020-04-09,400,261,552,431,294,581,42,0,93,-2.3644,49.3723,Channel Islands,United Kingdom - Channel Islands
Australia,2020-04-09,92,65,127,98,84,112,5,0,10,145.9707,-41.4545,Tasmania,Australia - Tasmania
Australia,2020-04-09,1067,826,1348,1190,1044,1360,45,0,85,153.4,-28.0167,Queensland,Australia - Queensland
Ukraine,2020-04-09,2184,1391,2945,2273,1647,2918,222,14,423,31.1656,48.3794,,Ukraine
United Kingdom,2020-04-09,56,37,79,132,104,163,4,0,15,-5.3536,36.1408,Gibraltar,United Kingdom - Gibraltar
Australia,2020-04-09,655,521,768,1537,1362,1708,51,0,103,144.9631,-37.8136,Victoria,Australia - Victoria
Australia,2020-04-09,3111,2555,3656,3367,3037,3821,80,7,143,151.2093,-33.8688,New South Wales,Australia - New South Wales
Turkey,2020-04-09,42340,33739,51728,41972,31424,50169,3884,1444,6068,35.2433,38.9637,,Turkey
United Kingdom,2020-04-09,254,125,388,219,136,296,23,0,70,-4.5481,54.2361,Isle of Man,United Kingdom - Isle of Man
Australia,2020-04-09,403,305,513,573,500,646,18,0,48,115.8605,-31.9505,Western Australia,Australia - Western Australia
Australia,2020-04-09,84,61,112,108,94,124,1,0,6,149.0124,-35.4735,Australian Capital Territory,Australia - Australian Capital Territory
Venezuela,2020-04-09,120,87,152,185,161,200,3,0,9,-66.5897,6.4238,,Venezuela
United Kingdom,2020-04-09,63991,51617,78093,66833,55998,79686,5619,2512,7983,-3.4360000000000004,55.3781,,United Kingdom
Armenia,2020-04-09,1074,790,1414,1153,944,1372,77,0,158,45.0382,40.0691,,Armenia
Austria,2020-04-09,10098,8526,11645,15384,14092,16868,395,72,727,14.5501,47.5162,,Austria
Uruguay,2020-04-09,332,261,400,514,436,571,22,0,53,-55.7658,-32.5228,,Uruguay
Azerbaijan,2020-04-09,823,559,1121,894,687,1126,71,1,133,47.5769,40.1431,,Azerbaijan
US,2020-04-09,477839,377976,572910,456963,384946,519560,39317,13459,64241,-95.7129,37.0902,,US
Thailand,2020-04-09,1471,1150,1778,2733,2449,3055,131,15,224,101.0,15.0,,Thailand
Andorra,2020-04-09,518,389,679,620,547,697,5,0,41,1.5218,42.5063,,Andorra
Bahrain,2020-04-09,317,237,411,949,809,1071,42,0,123,50.55,26.0275,,Bahrain
Uzbekistan,2020-04-09,383,256,529,416,321,493,32,0,73,64.5853,41.3775,,Uzbekistan
Taiwan*,2020-04-09,316,245,404,402,362,447,8,0,18,121.0,23.7,,Taiwan*
Algeria,2020-04-09,1715,1194,2250,2191,1623,2664,197,0,329,1.6596,28.0339,,Algeria
Tunisia,2020-04-09,791,546,1054,846,668,1062,62,0,139,9.0,34.0,,Tunisia
Argentina,2020-04-09,1799,1188,2431,2322,1887,2796,177,0,351,-63.6167,-38.4161,,Argentina
Canada,2020-04-09,9312,6973,11996,10049,8149,12139,538,141,872,-73.5491,52.9399,Quebec,Canada - Quebec
Bosnia and Herzegovina,2020-04-09,853,589,1111,969,767,1211,74,0,141,17.6791,43.9159,,Bosnia and Herzegovina
France,2020-04-09,144,99,192,187,157,220,7,0,31,-61.0242,14.6415,Martinique,France - Martinique
Luxembourg,2020-04-09,2463,1979,2892,3668,3227,4053,149,0,304,6.1296,49.8153,,Luxembourg
France,2020-04-09,397,295,526,475,386,560,20,0,46,55.2471,-21.1351,Reunion,France - Reunion
Malaysia,2020-04-09,2997,2472,3586,4603,4138,5009,197,1,374,112.5,2.5,,Malaysia
France,2020-04-09,180,114,261,201,155,254,12,0,29,45.1662,-12.8275,Mayotte,France - Mayotte
Malta,2020-04-09,276,199,350,263,231,299,8,0,41,14.3754,35.9375,,Malta
France,2020-04-09,125,80,164,163,143,183,4,0,14,-61.5833,16.25,Guadeloupe,France - Guadeloupe
Mauritius,2020-04-09,255,186,344,278,224,338,16,0,38,57.5,-20.2,,Mauritius
France,2020-04-09,52,32,75,85,66,106,4,0,14,-53.1258,3.9339,French Guiana,France - French Guiana
Mexico,2020-04-09,1182,971,1358,2705,2213,3229,218,66,348,-102.5528,23.6345,,Mexico
Finland,2020-04-09,1932,1554,2387,2554,2202,2966,142,0,300,26.0,64.0,,Finland
Moldova,2020-04-09,1517,896,2171,1454,996,1907,154,0,323,28.3699,47.4116,,Moldova
Estonia,2020-04-09,1329,1005,1688,1472,1222,1652,97,0,208,25.0136,58.5953,,Estonia
Egypt,2020-04-09,1104,760,1492,1592,1342,1852,105,0,262,30.0,26.0,,Egypt
Morocco,2020-04-09,1179,825,1530,1489,1159,1762,114,28,193,-7.0926,31.7917,,Morocco
Ecuador,2020-04-09,4491,3327,5875,5279,4495,6358,308,0,631,-78.1834,-1.8312,,Ecuador
Netherlands,2020-04-09,84,58,106,81,67,94,2,0,8,-70.0358,12.5186,Aruba,Netherlands - Aruba
Dominican Republic,2020-04-09,1949,1463,2418,2244,1862,2615,126,0,213,-70.1627,18.7357,,Dominican Republic
Netherlands,2020-04-09,19333,15992,23369,23243,20432,26240,1093,466,1766,5.2913,52.1326,,Netherlands
Denmark,2020-04-09,3065,2529,3669,6002,5136,6875,485,80,821,9.5018,56.2639,,Denmark
Lithuania,2020-04-09,1141,799,1522,1140,950,1346,81,17,148,23.8813,55.1694,,Lithuania
New Zealand,2020-04-09,1204,860,1554,1575,1266,1838,89,22,162,174.886,-40.9006,,New Zealand
France,2020-04-09,109728,90254,131575,134955,111800,157024,10785,0,28204,2.2137,46.2276,,France
Ireland,2020-04-09,6329,4961,7867,7107,5928,8200,464,208,736,-7.6921,53.1424,,Ireland
Iran,2020-04-09,40416,33507,47017,76841,68887,85452,4178,773,5983,53.0,32.0,,Iran
Israel,2020-04-09,10726,8615,13165,12508,10532,14784,753,313,1151,35.0,31.0,,Israel
Indonesia,2020-04-09,2414,1845,2924,3012,2606,3483,180,0,331,113.9213,-0.7893,,Indonesia
Italy,2020-04-09,96862,82376,112508,158335,144682,171375,5058,1020,8732,12.0,43.0,,Italy
India,2020-04-09,5369,3775,7247,5921,4281,7645,549,140,984,78.0,21.0,,India
Japan,2020-04-09,4309,2993,5497,5385,3979,6655,427,15,741,138.0,36.0,,Japan
Iceland,2020-04-09,1171,917,1403,1873,1663,2072,86,0,159,-19.0208,64.9631,,Iceland
Jordan,2020-04-09,270,215,347,393,353,444,12,0,31,36.51,31.24,,Jordan
Hungary,2020-04-09,831,612,1044,986,822,1199,58,3,124,19.5033,47.1625,,Hungary
Kazakhstan,2020-04-09,777,524,1068,851,668,1048,64,12,115,66.9237,48.0196,,Kazakhstan
Honduras,2020-04-09,445,240,665,456,318,615,41,0,87,-86.2419,15.2,,Honduras
"Korea, South",2020-04-09,3069,2272,3920,13368,11194,15875,104,0,246,128.0,36.0,,"Korea, South"
Greece,2020-04-09,1964,1531,2401,2276,1959,2578,110,0,214,21.8243,39.0742,,Greece
Kuwait,2020-04-09,775,455,1086,828,624,1073,70,0,189,47.75,29.5,,Kuwait
Ghana,2020-04-09,205,143,272,259,220,299,6,0,33,-1.0232,7.9465,,Ghana
Germany,2020-04-09,82799,67643,96550,132171,117226,143844,6361,3202,9951,9.0,51.0,,Germany
Latvia,2020-04-09,670,479,855,674,590,773,27,0,52,24.6032,56.8796,,Latvia
Lebanon,2020-04-09,524,410,624,637,574,708,14,0,33,35.8623,33.8547,,Lebanon
Sri Lanka,2020-04-09,175,119,245,201,177,228,0,0,41,81.0,7.0,,Sri Lanka
Denmark,2020-04-09,96,73,120,205,192,224,3,0,7,-6.9118,61.8926,Faroe Islands,Denmark - Faroe Islands
Czechia,2020-04-09,5897,4378,7243,6387,5643,7335,418,121,719,15.472999999999999,49.8175,,Czechia
Russia,2020-04-09,8597,5686,11671,9406,6823,12271,892,0,1541,90.0,60.0,,Russia
Canada,2020-04-09,100,66,134,118,97,140,1,0,7,-66.4619,46.5653,New Brunswick,Canada - New Brunswick
Canada,2020-04-09,277,174,375,275,200,365,17,0,52,-98.8139,53.7609,Manitoba,Canada - Manitoba
San Marino,2020-04-09,241,172,310,304,267,338,7,0,19,12.4578,43.9424,,San Marino
Canada,2020-04-09,1427,1055,1751,1565,1371,1741,52,0,106,-123.1207,49.2827,British Columbia,Canada - British Columbia
Saudi Arabia,2020-04-09,2226,1766,2669,3128,2655,3640,180,0,364,45.0,24.0,,Saudi Arabia
Canada,2020-04-09,1558,1117,1981,1569,1293,1812,104,0,229,-116.5765,53.9333,Alberta,Canada - Alberta
Senegal,2020-04-09,167,122,221,291,244,344,9,0,25,-14.4524,14.4974,,Senegal
Cameroon,2020-04-09,1283,725,1858,1251,753,1838,147,0,373,11.5021,3.8480000000000003,,Cameroon
Serbia,2020-04-09,2899,1915,3772,2768,2044,3554,245,34,431,21.0059,44.0165,,Serbia
Cambodia,2020-04-09,65,50,83,124,113,130,0,0,3,104.9167,11.55,,Cambodia
Singapore,2020-04-09,1023,762,1285,1555,1369,1771,86,25,147,103.8333,1.2833,,Singapore
Burkina Faso,2020-04-09,286,214,375,414,358,467,13,0,29,-1.5616,12.2383,,Burkina Faso
Slovakia,2020-04-09,611,436,774,631,553,714,29,0,74,19.699,48.669,,Slovakia
Bulgaria,2020-04-09,571,440,712,671,582,777,38,0,74,25.4858,42.7339,,Bulgaria
Slovenia,2020-04-09,1058,821,1294,1266,1130,1411,46,0,108,14.9955,46.1512,,Slovenia
Brunei,2020-04-09,78,60,98,149,138,161,1,0,2,114.7277,4.5353,,Brunei
South Africa,2020-04-09,1759,1352,2180,2011,1823,2199,53,0,108,22.9375,-30.5595,,South Africa
Brazil,2020-04-09,18351,14004,22625,18092,14169,21608,1882,504,3037,-51.9253,-14.235,,Brazil
Spain,2020-04-09,95904,82174,112923,171213,154033,188283,8252,4807,11925,-4.0,40.0,,Spain
Canada,2020-04-09,235,171,302,266,223,314,4,0,15,-57.6604,53.1355,Newfoundland and Labrador,Canada - Newfoundland and Labrador
Romania,2020-04-09,5086,3617,6642,6049,4940,7354,474,247,771,24.9668,45.9432,,Romania
Qatar,2020-04-09,2139,1603,2783,2174,1727,2705,264,0,515,51.1839,25.3548,,Qatar
Nigeria,2020-04-09,273,180,363,330,250,429,17,0,41,8.6753,9.082,,Nigeria
Cyprus,2020-04-09,631,434,853,680,536,837,46,0,101,33.4299,35.1264,,Cyprus
Cuba,2020-04-09,408,259,569,463,371,570,23,0,56,-80.0,22.0,,Cuba
North Macedonia,2020-04-09,706,484,937,731,593,897,56,0,131,21.7453,41.6086,,North Macedonia
Croatia,2020-04-09,1298,1014,1574,1574,1363,1812,74,12,135,15.2,45.1,,Croatia
Norway,2020-04-09,6603,5449,7827,7240,6432,8142,248,0,412,8.4689,60.472,,Norway
Cote d'Ivoire,2020-04-09,303,201,402,359,285,451,16,0,48,-5.5471,7.54,,Cote d'Ivoire
Oman,2020-04-09,309,199,432,405,315,496,31,0,58,57.0,21.0,,Oman
Costa Rica,2020-04-09,532,403,688,557,494,643,22,0,56,-83.7534,9.7489,,Costa Rica
Pakistan,2020-04-09,3900,2899,5003,4139,3448,4900,316,106,539,69.3451,30.3753,,Pakistan
Panama,2020-04-09,2475,1758,3356,2664,2160,3230,220,53,364,-80.7821,8.538,,Panama
Colombia,2020-04-09,1918,1487,2480,2159,1789,2529,145,34,259,-74.2973,4.5709,,Colombia
Peru,2020-04-09,798,657,948,2824,2286,3359,218,79,360,-75.0152,-9.19,,Peru
Chile,2020-04-09,5247,3839,6731,6691,5592,7797,486,158,774,-71.543,-35.6751,,Chile
Philippines,2020-04-09,4870,3612,6212,5221,4072,6461,345,6,619,122.0,13.0,,Philippines
Canada,2020-04-09,261,187,347,291,239,334,11,0,27,-106.4509,52.9399,Saskatchewan,Canada - Saskatchewan
Poland,2020-04-09,5524,3923,6734,5838,4793,6940,535,208,820,19.1451,51.9194,,Poland
Iraq,2020-04-09,730,552,921,1277,1037,1500,67,9,117,44.0,33.0,,Iraq
Portugal,2020-04-09,15285,12105,18600,16113,13912,18530,946,398,1439,-8.2245,39.3999,,Portugal
Canada,2020-04-09,6510,4421,8606,6772,5146,8578,659,126,998,-85.3232,51.2538,Ontario,Canada - Ontario
Canada,2020-04-09,366,235,543,370,285,455,25,0,66,-63.7443,44.681999999999995,Nova Scotia,Canada - Nova Scotia
